id,timestamp,transactionType,accountId,amount,recipientId,status
1,2024-01-01T00:00:19,transfer,812,8774.00,130,success
2,2024-01-02T04:00:28,deposit,367,3786.00,null,success
3,2024-01-02T04:00:33,transfer,559,4119.09,382,balance_invalid
4,2024-01-02T07:00:52,withdraw,853,8086.00,null,success
5,2024-01-03T09:01:19,transfer,132,4406.03,583,balance_invalid
6,2024-01-03T10:01:25,transfer,914,5321.00,246,success
7,2024-01-04T11:01:45,deposit,243,4974.00,null,balance_invalid
8,2024-01-04T14:01:59,deposit,128,5934.00,null,balance_invalid
9,2024-01-04T16:02:06,transfer,796,3079.00,290,balance_invalid
10,2024-01-05T19:02:07,transfer,41,6304.00,634,success
11,2024-01-05T23:02:22,transfer,512,1799.00,203,balance_insufficient
12,2024-01-06T00:02:24,deposit,741,8086.00,null,success
13,2024-01-06T00:02:51,account_creation,982,0.00,null,balance_invalid
14,2024-01-06T00:03:18,deposit,605,8539.00,null,success
15,2024-01-07T00:03:37,withdraw,806,8173.00,null,success
16,2024-01-08T03:04:06,account_creation,482,0.00,null,success
17,2024-01-08T05:04:29,transfer,386,5011.73,838,success
18,2024-01-08T08:04:36,withdraw,651,2246.00,null,account_invalid
19,2024-01-09T12:04:55,transfer,679,2503.00,443,balance_invalid
20,2024-01-09T16:05:17,withdraw,201,886.24,null,account_invalid
21,2024-01-10T19:05:27,withdraw,107,348.00,null,balance_invalid
22,2024-01-10T20:05:55,withdraw,364,6616.00,null,success
23,2024-01-10T22:06:21,withdraw,43,541.00,null,success
24,2024-01-10T22:06:36,deposit,843,5435.00,null,balance_insufficient
25,2024-01-12T02:06:36,transfer,234,2104.00,265,success
26,2024-01-12T02:06:40,transfer,143,9207.00,740,account_invalid
27,2024-01-13T02:06:41,account_closure,786,0.00,null,success
28,2024-01-14T04:06:52,deposit,389,4402.00,null,account_invalid
29,2024-01-15T05:07,deposit,787,663.00,null,balance_invalid
30,2024-01-15T08:07:14,transfer,55,104.00,284,account_invalid
31,2024-01-16T12:07:24,withdraw,901,2613.99,null,success
32,2024-01-16T14:07:39,transfer,924,3106.00,350,balance_invalid
33,2024-01-16T14:07:58,deposit,662,283.42,null,success
34,2024-01-17T15:08:17,transfer,47,626.00,928,success
35,2024-01-17T17:08:36,account_closure,435,0.00,null,balance_invalid
36,2024-01-18T18:08:44,transfer,790,4994.00,813,balance_invalid
37,2024-01-18T22:08:53,transfer,695,9752.02,650,balance_invalid
38,2024-01-20T01:09:17,deposit,724,6513.00,null,balance_invalid
39,2024-01-21T05:09:23,withdraw,581,5325.00,null,balance_invalid
40,2024-01-22T09:09:36,deposit,929,4094.00,null,account_invalid
41,2024-01-22T09:09:59,transfer,539,6788.00,547,success
42,2024-01-22T13:10:01,transfer,13,1474.00,756,success
43,2024-01-22T17:10:06,withdraw,263,3757.00,null,balance_invalid
44,2024-01-23T17:10:24,transfer,983,1877.20,590,success
45,2024-01-24T20:10:27,transfer,494,679.98,798,balance_insufficient
46,2024-01-25T20:10:30,transfer,269,2546.00,324,balance_invalid
47,2024-01-25T21:10:31,deposit,484,2301.00,null,balance_invalid
48,2024-01-25T23:10:51,withdraw,59,4426.00,null,success
49,2024-01-26T00:10:58,transfer,33,1247.00,528,balance_invalid
50,2024-01-26T00:11:08,transfer,952,5083.00,804,success
51,2024-01-26T00:11:27,withdraw,803,5234.00,null,success
52,2024-01-26T02:11:51,transfer,708,7448.00,588,success
53,2024-01-26T02:12:02,withdraw,409,8213.35,null,success
54,2024-01-26T03:12:29,deposit,119,8977.00,null,balance_invalid
55,2024-01-27T03:12:48,deposit,291,893.00,null,success
56,2024-01-28T04:13:08,deposit,910,3612.00,null,balance_invalid
57,2024-01-29T04:13:35,deposit,653,3027.00,null,success
58,2024-01-29T04:13:39,withdraw,805,5968.00,null,success
59,2024-01-30T06:13:51,withdraw,143,5919.00,null,success
60,2024-01-31T09:14:14,deposit,322,3081.00,null,balance_invalid
61,2024-02-01T11:14:30,withdraw,34,6852.00,null,success
62,2024-02-02T11:14:33,account_creation,995,0.00,null,success
63,2024-02-03T12:14:34,withdraw,559,732.00,null,account_invalid
64,2024-02-03T16:14:40,deposit,771,8580.00,null,success
65,2024-02-04T18:14:53,account_closure,981,0.00,null,success
66,2024-02-05T19:15:21,withdraw,612,5340.00,null,success
67,2024-02-05T20:15:23,deposit,285,9779.00,null,balance_invalid
68,2024-02-05T22:15:36,transfer,413,2717.00,967,account_invalid
69,2024-02-06T23:15:38,withdraw,150,5108.01,null,success
70,2024-02-07T02:16:03,transfer,552,3294.00,173,balance_invalid
71,2024-02-08T05:16:32,transfer,879,263.00,273,balance_insufficient
72,2024-02-09T09:17,deposit,584,154.00,null,success
73,2024-02-10T09:17:17,deposit,871,358.00,null,success
74,2024-02-10T13:17:17,deposit,970,2712.00,null,success
75,2024-02-10T13:17:23,withdraw,251,3520.00,null,balance_invalid
76,2024-02-11T13:17:37,deposit,76,8101.00,null,balance_invalid
77,2024-02-12T15:17:38,withdraw,979,9726.00,null,balance_invalid
78,2024-02-12T19:17:45,account_creation,196,0.00,null,success
79,2024-02-13T22:18:02,deposit,622,101.00,null,success
80,2024-02-14T02:18:28,transfer,240,254.73,974,balance_invalid
81,2024-02-15T05:18:31,transfer,296,7272.00,329,success
82,2024-02-16T07:18:38,transfer,881,7876.00,567,success
83,2024-02-16T09:18:39,withdraw,34,4961.33,null,balance_invalid
84,2024-02-16T12:18:50,withdraw,647,8795.00,null,success
85,2024-02-16T16:19:05,transfer,981,9827.00,569,balance_insufficient
86,2024-02-16T20:19:25,transfer,809,5794.90,633,balance_insufficient
87,2024-02-16T22:19:26,deposit,318,4879.00,null,success
88,2024-02-16T22:19:47,deposit,266,4119.00,null,balance_invalid
89,2024-02-18T01:20:10,withdraw,388,1916.00,null,success
90,2024-02-19T05:20:26,transfer,260,768.00,109,balance_invalid
91,2024-02-19T09:20:39,transfer,799,5649.07,833,success
92,2024-02-20T09:20:45,transfer,626,245.00,279,success
93,2024-02-20T10:21:01,withdraw,782,9714.48,null,success
94,2024-02-20T12:21:05,withdraw,443,3685.00,null,balance_invalid
95,2024-02-20T15:21:14,withdraw,171,872.00,null,success
96,2024-02-20T19:21:37,transfer,167,5285.85,428,success
97,2024-02-20T22:22:04,withdraw,870,7665.00,null,balance_insufficient
98,2024-02-22T01:22:17,account_creation,894,0.00,null,success
99,2024-02-22T02:22:46,deposit,971,9502.00,null,success
100,2024-02-23T05:22:55,deposit,925,1850.00,null,success
101,2024-02-23T09:23:22,deposit,878,2393.00,null,balance_insufficient
102,2024-02-24T10:23:22,withdraw,199,8989.00,null,success
103,2024-02-24T12:23:30,transfer,216,9333.00,96,success
104,2024-02-25T15:23:36,deposit,446,2655.00,null,balance_invalid
105,2024-02-25T16:23:50,transfer,230,9257.04,292,balance_invalid
106,2024-02-25T18:24:11,withdraw,185,5053.49,null,balance_insufficient
107,2024-02-26T21:24:11,deposit,539,1809.00,null,success
108,2024-02-26T21:24:25,transfer,186,3294.00,937,balance_invalid
109,2024-02-28T00:24:45,transfer,177,1539.00,135,balance_invalid
110,2024-02-29T03:24:47,transfer,956,8693.26,481,balance_invalid
111,2024-02-29T07:25,withdraw,595,2318.00,null,success
112,2024-02-29T09:25:06,account_closure,55,0.00,null,account_invalid
113,2024-03-01T12:25:16,withdraw,21,1417.74,null,balance_invalid
114,2024-03-02T14:25:25,transfer,429,1818.00,714,success
115,2024-03-02T15:25:50,transfer,155,7336.00,383,success
116,2024-03-02T18:26,withdraw,121,7922.00,null,balance_invalid
117,2024-03-03T19:26:28,deposit,667,4232.00,null,success
118,2024-03-03T21:26:55,account_closure,252,0.00,null,success
119,2024-03-04T23:27:15,deposit,110,2935.24,null,balance_insufficient
120,2024-03-05T01:27:36,transfer,964,412.00,875,success
121,2024-03-06T02:27:40,transfer,86,2825.00,509,success
122,2024-03-06T03:28:05,withdraw,760,6854.89,null,balance_invalid
123,2024-03-06T03:28:24,deposit,22,6230.00,null,success
124,2024-03-06T05:28:28,withdraw,603,6495.00,null,balance_invalid
125,2024-03-07T08:28:48,account_creation,446,0.00,null,account_invalid
126,2024-03-08T10:29:04,deposit,52,8845.00,null,success
127,2024-03-08T13:29:27,deposit,79,8864.00,null,balance_invalid
128,2024-03-08T13:29:40,deposit,612,4566.00,null,success
129,2024-03-09T17:30:05,withdraw,114,5874.00,null,balance_insufficient
130,2024-03-09T21:30:08,withdraw,754,9881.00,null,balance_invalid
131,2024-03-09T21:30:15,withdraw,202,4608.00,null,balance_invalid
132,2024-03-11T01:30:19,account_closure,475,0.00,null,success
133,2024-03-11T04:30:26,account_closure,315,0.00,null,balance_invalid
134,2024-03-11T07:30:48,transfer,371,7451.00,528,balance_invalid
135,2024-03-11T08:30:49,account_closure,32,0.00,null,account_invalid
136,2024-03-11T11:31:01,account_creation,496,0.00,null,success
137,2024-03-11T14:31:17,transfer,629,8492.34,17,success
138,2024-03-12T18:31:35,withdraw,648,7507.06,null,balance_invalid
139,2024-03-13T20:31:41,withdraw,48,535.00,null,success
140,2024-03-13T21:32:09,transfer,838,9741.00,173,balance_invalid
141,2024-03-14T21:32:15,withdraw,19,5030.00,null,success
142,2024-03-15T00:32:29,deposit,275,9090.00,null,success
143,2024-03-15T02:32:39,deposit,689,5108.00,null,success
144,2024-03-16T04:32:42,deposit,725,9717.00,null,success
145,2024-03-16T08:33:04,transfer,661,8180.00,918,account_invalid
146,2024-03-17T08:33:10,deposit,58,4335.00,null,balance_invalid
147,2024-03-18T09:33:15,transfer,183,2230.00,539,success
148,2024-03-19T10:33:43,deposit,820,4922.00,null,balance_invalid
149,2024-03-20T13:34:07,deposit,348,8657.04,null,balance_invalid
150,2024-03-21T15:34:17,deposit,74,5576.00,null,balance_invalid
151,2024-03-22T19:34:23,withdraw,133,5400.00,null,success
152,2024-03-23T22:34:49,deposit,422,8381.00,null,account_invalid
153,2024-03-23T23:35:13,deposit,770,7696.17,null,success
154,2024-03-23T23:35:31,deposit,669,3077.82,null,success
155,2024-03-23T23:35:37,deposit,33,3783.00,null,success
156,2024-03-24T02:35:50,deposit,774,6190.00,null,balance_invalid
157,2024-03-25T06:35:54,deposit,455,2529.11,null,balance_invalid
158,2024-03-25T09:36:14,transfer,726,9751.00,558,balance_invalid
159,2024-03-26T10:36:14,withdraw,398,4886.00,null,balance_insufficient
160,2024-03-27T14:36:36,account_closure,129,0.00,null,success
161,2024-03-27T15:36:56,deposit,115,7905.00,null,success
162,2024-03-28T15:36:56,withdraw,705,1566.00,null,success
163,2024-03-29T17:37:23,transfer,232,4688.00,395,balance_invalid
164,2024-03-30T18:37:41,transfer,528,790.00,165,success
165,2024-03-30T18:37:53,transfer,299,8092.00,47,success
166,2024-03-30T19:38:18,transfer,924,6792.00,700,balance_insufficient
167,2024-03-31T22:38:23,withdraw,82,9066.30,null,success
168,2024-04-02T00:38:28,transfer,372,126.00,548,success
169,2024-04-02T04:38:37,transfer,884,2159.00,552,balance_invalid
170,2024-04-02T04:38:43,withdraw,440,7247.00,null,success
171,2024-04-03T08:38:54,deposit,475,543.00,null,success
172,2024-04-04T10:39:15,withdraw,510,1884.00,null,success
173,2024-04-05T14:39:28,transfer,410,6375.00,444,success
174,2024-04-05T16:39:54,transfer,480,1099.00,600,balance_invalid
175,2024-04-06T19:40:14,withdraw,892,647.21,null,account_invalid
176,2024-04-07T21:40:41,withdraw,544,7143.00,null,balance_invalid
177,2024-04-09T01:40:41,deposit,504,3904.00,null,success
178,2024-04-09T01:41:02,transfer,751,9033.00,984,success
179,2024-04-09T01:41:13,deposit,781,8778.00,null,account_invalid
180,2024-04-09T03:41:16,withdraw,485,4278.00,null,success
181,2024-04-09T04:41:16,deposit,126,4635.00,null,account_invalid
182,2024-04-09T07:41:33,withdraw,581,2487.00,null,balance_invalid
183,2024-04-09T11:41:54,transfer,784,4608.40,14,account_invalid
184,2024-04-10T13:42:04,deposit,975,2541.00,null,success
185,2024-04-10T15:42:06,withdraw,3,5716.00,null,account_invalid
186,2024-04-10T18:42:10,withdraw,442,6324.00,null,balance_invalid
187,2024-04-10T22:42:15,deposit,646,2078.00,null,success
188,2024-04-12T01:42:42,deposit,962,2763.68,null,account_invalid
189,2024-04-12T03:42:54,withdraw,334,5784.00,null,success
190,2024-04-12T03:43:23,deposit,985,5404.00,null,balance_invalid
191,2024-04-13T06:43:28,deposit,697,8767.00,null,account_invalid
192,2024-04-13T06:43:33,transfer,762,8127.00,179,success
193,2024-04-14T10:44:02,withdraw,489,6046.08,null,success
194,2024-04-15T10:44:27,transfer,588,6338.00,816,success
195,2024-04-16T14:44:53,withdraw,735,5791.00,null,account_invalid
196,2024-04-16T17:45:14,account_closure,371,0.00,null,success
197,2024-04-17T20:45:22,deposit,125,6668.73,null,success
198,2024-04-18T00:45:34,deposit,97,8592.00,null,success
199,2024-04-18T00:45:55,withdraw,792,3346.94,null,balance_insufficient
200,2024-04-18T00:46:08,transfer,515,1738.00,707,balance_invalid
201,2024-04-18T01:46:19,withdraw,645,8684.20,null,balance_insufficient
202,2024-04-19T02:46:22,deposit,771,5802.00,null,success
203,2024-04-19T05:46:31,deposit,922,7380.00,null,success
204,2024-04-20T07:46:36,transfer,350,8289.00,51,success
205,2024-04-21T11:47:02,withdraw,204,7591.00,null,success
206,2024-04-21T15:47:21,withdraw,441,1821.00,null,balance_invalid
207,2024-04-21T18:47:28,deposit,228,8694.00,null,success
208,2024-04-21T20:47:31,deposit,231,7519.00,null,success
209,2024-04-21T21:47:58,transfer,271,1264.00,423,balance_invalid
210,2024-04-22T21:48:21,transfer,360,4204.00,29,balance_invalid
211,2024-04-22T23:48:36,transfer,452,7603.00,503,success
212,2024-04-24T01:49:02,withdraw,248,4330.00,null,balance_invalid
213,2024-04-25T04:49:14,withdraw,444,654.00,null,success
214,2024-04-26T04:49:41,account_creation,499,0.00,null,balance_insufficient
215,2024-04-26T07:50:09,withdraw,854,7499.17,null,success
216,2024-04-27T09:50:15,deposit,823,2633.00,null,success
217,2024-04-27T09:50:30,withdraw,339,6612.03,null,account_invalid
218,2024-04-28T09:50:40,account_closure,146,0.00,null,balance_invalid
219,2024-04-29T11:51:08,withdraw,918,1624.00,null,success
220,2024-04-30T11:51:28,transfer,595,6307.92,808,account_invalid
221,2024-05-01T13:51:33,deposit,363,9844.00,null,balance_insufficient
222,2024-05-02T16:51:47,transfer,146,9498.00,585,balance_insufficient
223,2024-05-02T17:51:52,account_closure,283,0.00,null,success
224,2024-05-03T21:52:04,deposit,198,5728.00,null,balance_invalid
225,2024-05-03T23:52:32,transfer,944,8397.00,594,success
226,2024-05-04T03:52:33,withdraw,533,7870.00,null,success
227,2024-05-04T06:52:36,withdraw,563,3898.00,null,balance_insufficient
228,2024-05-04T06:52:47,deposit,394,8290.00,null,account_invalid
229,2024-05-05T10:53:10,withdraw,593,4338.00,null,balance_invalid
230,2024-05-06T10:53:34,deposit,366,2321.00,null,success
231,2024-05-07T11:53:50,deposit,616,2106.73,null,success
232,2024-05-08T11:53:51,account_closure,552,0.00,null,balance_invalid
233,2024-05-08T11:54:14,transfer,8,8143.00,571,balance_insufficient
234,2024-05-09T13:54:17,deposit,898,605.00,null,success
235,2024-05-10T15:54:22,deposit,832,9726.00,null,success
236,2024-05-10T18:54:25,deposit,84,5703.00,null,success
237,2024-05-11T19:54:33,withdraw,38,2750.33,null,balance_insufficient
238,2024-05-12T21:54:51,withdraw,993,272.00,null,success
239,2024-05-13T00:54:59,deposit,259,8419.00,null,success
240,2024-05-14T02:55:18,deposit,842,578.17,null,account_invalid
241,2024-05-14T04:55:41,deposit,108,3188.00,null,success
242,2024-05-14T08:56:05,withdraw,759,1903.00,null,account_invalid
243,2024-05-14T11:56:10,transfer,241,2953.00,145,balance_invalid
244,2024-05-14T13:56:22,transfer,228,8167.00,209,balance_invalid
245,2024-05-15T17:56:41,deposit,884,3831.00,null,success
246,2024-05-15T18:56:50,transfer,845,3704.00,221,balance_invalid
247,2024-05-15T21:56:52,withdraw,90,6106.00,null,success
248,2024-05-15T23:57:03,transfer,511,1395.00,435,balance_invalid
249,2024-05-17T01:57:23,withdraw,622,5329.00,null,balance_invalid
250,2024-05-18T04:57:41,account_closure,105,0.00,null,balance_invalid
251,2024-05-18T06:57:59,deposit,36,3020.25,null,success
252,2024-05-19T10:58:15,deposit,211,490.00,null,success
253,2024-05-19T11:58:31,transfer,86,9560.00,827,success
254,2024-05-20T11:58:54,deposit,716,4465.00,null,success
255,2024-05-21T15:59:22,withdraw,109,8854.00,null,balance_insufficient
256,2024-05-22T18:59:34,deposit,660,170.00,null,success
257,2024-05-23T21:59:51,account_creation,426,0.00,null,account_invalid
258,2024-05-24T22:00:20,deposit,987,2031.00,null,balance_invalid
259,2024-05-26T00:00:27,withdraw,144,8535.00,null,balance_invalid
260,2024-05-26T03:00:54,withdraw,126,9253.00,null,success
261,2024-05-26T03:01:01,deposit,526,4939.00,null,success
262,2024-05-27T03:01:26,withdraw,77,3962.00,null,balance_insufficient
263,2024-05-27T04:01:35,transfer,831,7497.00,94,balance_insufficient
264,2024-05-28T07:02:03,account_creation,475,0.00,null,balance_invalid
265,2024-05-29T11:02:08,withdraw,39,9571.00,null,success
266,2024-05-30T12:02:22,transfer,103,3741.63,975,account_invalid
267,2024-05-30T12:02:34,transfer,960,6632.00,442,success
268,2024-05-31T16:02:39,account_closure,654,0.00,null,success
269,2024-06-01T18:02:41,withdraw,784,6128.00,null,account_invalid
270,2024-06-01T20:02:47,withdraw,868,8921.00,null,success
271,2024-06-01T22:03:12,account_creation,340,0.00,null,balance_invalid
272,2024-06-02T23:03:26,deposit,768,8201.00,null,balance_insufficient
273,2024-06-04T01:03:51,withdraw,782,4607.00,null,balance_invalid
274,2024-06-05T02:04:06,transfer,952,5165.00,441,balance_invalid
275,2024-06-06T03:04:19,transfer,538,1984.00,340,success
276,2024-06-07T05:04:39,account_creation,628,0.00,null,success
277,2024-06-07T09:04:48,transfer,49,2321.51,85,balance_invalid
278,2024-06-07T09:05:16,transfer,579,9367.00,973,balance_insufficient
279,2024-06-07T10:05:44,transfer,150,8929.95,522,success
280,2024-06-08T13:06:08,deposit,856,7813.78,null,success
281,2024-06-09T13:06:09,withdraw,113,4408.00,null,balance_invalid
282,2024-06-10T15:06:14,deposit,833,8131.00,null,success
283,2024-06-11T19:06:34,deposit,99,187.00,null,success
284,2024-06-11T23:06:59,account_closure,264,0.00,null,success
285,2024-06-12T02:07:09,transfer,683,9768.00,469,success
286,2024-06-12T03:07:33,transfer,514,1228.00,928,balance_insufficient
287,2024-06-12T06:07:49,account_closure,361,0.00,null,balance_invalid
288,2024-06-12T06:08:17,deposit,43,6766.00,null,success
289,2024-06-13T07:08:38,deposit,969,1019.00,null,balance_invalid
290,2024-06-13T11:09:01,transfer,257,1481.00,399,balance_insufficient
291,2024-06-13T15:09:27,transfer,34,6241.00,405,balance_invalid
292,2024-06-14T18:09:40,deposit,181,2399.00,null,balance_invalid
293,2024-06-15T22:10:03,withdraw,879,8710.00,null,account_invalid
294,2024-06-16T01:10:04,deposit,271,3244.00,null,balance_invalid
295,2024-06-16T04:10:08,deposit,848,4618.00,null,balance_invalid
296,2024-06-17T08:10:15,transfer,448,1723.00,152,account_invalid
297,2024-06-17T11:10:30,deposit,249,186.00,null,balance_insufficient
298,2024-06-18T11:10:59,deposit,432,973.07,null,success
299,2024-06-18T15:11:14,transfer,138,9103.00,574,success
300,2024-06-19T16:11:25,transfer,243,437.00,832,success
301,2024-06-19T20:11:40,deposit,82,9802.00,null,balance_invalid
302,2024-06-20T20:11:52,deposit,569,8206.50,null,balance_insufficient
303,2024-06-21T23:12:13,withdraw,289,8980.20,null,balance_invalid
304,2024-06-22T02:12:19,transfer,272,6775.00,274,success
305,2024-06-23T05:12:30,account_creation,695,0.00,null,success
306,2024-06-24T06:12:31,deposit,598,3601.00,null,balance_invalid
307,2024-06-24T06:12:59,deposit,289,1553.00,null,account_invalid
308,2024-06-25T06:13:21,transfer,227,7993.00,671,balance_invalid
309,2024-06-25T09:13:22,transfer,19,3320.31,888,balance_invalid
310,2024-06-25T13:13:49,withdraw,396,6139.00,null,balance_invalid
311,2024-06-25T17:14:07,transfer,829,9662.00,186,success
312,2024-06-26T19:14:16,deposit,508,9309.84,null,success
313,2024-06-27T21:14:39,transfer,971,8649.00,626,balance_invalid
314,2024-06-28T22:14:53,deposit,150,3047.41,null,success
315,2024-06-29T22:15:07,deposit,944,7766.00,null,success
316,2024-06-30T01:15:27,transfer,236,9289.00,848,success
317,2024-07-01T03:15:43,transfer,588,614.00,964,balance_invalid
318,2024-07-02T07:15:58,deposit,815,6854.00,null,balance_invalid
319,2024-07-02T11:16:26,transfer,549,6014.00,564,balance_invalid
320,2024-07-02T14:16:44,account_closure,220,0.00,null,balance_invalid
321,2024-07-02T18:16:49,deposit,929,3031.00,null,balance_insufficient
322,2024-07-03T19:16:52,withdraw,218,136.00,null,balance_invalid
323,2024-07-04T22:17,deposit,417,596.00,null,balance_invalid
324,2024-07-06T01:17:26,withdraw,289,7377.00,null,balance_invalid
325,2024-07-06T02:17:50,transfer,380,4596.12,772,balance_invalid
326,2024-07-06T03:18:10,withdraw,97,6572.00,null,balance_insufficient
327,2024-07-06T06:18:31,withdraw,623,6207.00,null,success
328,2024-07-06T07:18:47,account_closure,869,0.00,null,balance_invalid
329,2024-07-06T08:19:14,transfer,600,8194.00,348,success
330,2024-07-07T10:19:14,withdraw,807,2979.00,null,success
331,2024-07-07T11:19:16,deposit,17,5833.00,null,success
332,2024-07-07T15:19:28,deposit,781,5691.00,null,success
333,2024-07-08T16:19:41,account_creation,343,0.00,null,balance_invalid
334,2024-07-09T16:19:58,deposit,834,3658.00,null,success
335,2024-07-09T20:20:21,withdraw,624,6783.00,null,success
336,2024-07-09T20:20:44,transfer,415,2183.00,694,balance_insufficient
337,2024-07-10T21:20:56,withdraw,949,2105.00,null,balance_insufficient
338,2024-07-10T21:20:59,deposit,669,581.00,null,balance_insufficient
339,2024-07-12T01:21:08,account_closure,3,0.00,null,success
340,2024-07-13T05:21:22,withdraw,103,9361.00,null,balance_invalid
341,2024-07-14T07:21:25,deposit,837,4102.00,null,balance_invalid
342,2024-07-14T11:21:25,withdraw,660,8351.00,null,balance_insufficient
343,2024-07-15T12:21:39,transfer,649,4886.85,355,success
344,2024-07-16T16:21:52,deposit,760,9659.00,null,success
345,2024-07-17T16:21:59,deposit,129,1144.00,null,success
346,2024-07-18T17:22:25,deposit,108,5153.00,null,balance_invalid
347,2024-07-19T17:22:35,transfer,793,2232.00,562,balance_insufficient
348,2024-07-20T17:22:50,withdraw,844,6984.00,null,success
349,2024-07-20T20:22:54,withdraw,457,3765.66,null,success
350,2024-07-20T21:23:10,deposit,971,4940.00,null,success
351,2024-07-21T01:23:19,withdraw,74,6970.00,null,balance_invalid
352,2024-07-21T03:23:38,deposit,815,2673.00,null,balance_invalid
353,2024-07-22T04:23:55,withdraw,523,2241.00,null,success
354,2024-07-23T06:24:02,transfer,796,4678.00,758,account_invalid
355,2024-07-23T08:24:24,withdraw,8,7389.00,null,account_invalid
356,2024-07-23T10:24:39,transfer,82,5613.00,8,success
357,2024-07-23T13:24:42,transfer,901,7325.00,732,balance_insufficient
358,2024-07-23T14:25:01,transfer,634,6623.00,35,balance_invalid
359,2024-07-24T17:25:16,account_creation,175,0.00,null,balance_invalid
360,2024-07-25T21:25:44,transfer,394,5172.74,569,account_invalid
361,2024-07-27T01:26:04,transfer,92,6560.00,56,balance_insufficient
362,2024-07-28T01:26:25,withdraw,985,1578.03,null,success
363,2024-07-28T04:26:36,withdraw,332,5252.00,null,balance_invalid
364,2024-07-28T06:26:45,withdraw,14,8075.00,null,balance_invalid
365,2024-07-29T10:27:12,deposit,745,3279.00,null,balance_insufficient
366,2024-07-30T11:27:39,withdraw,650,1752.00,null,success
367,2024-07-31T12:27:41,transfer,758,4985.00,493,success
368,2024-08-01T15:28:05,transfer,577,3640.00,177,balance_invalid
369,2024-08-02T18:28:21,transfer,455,509.00,908,success
370,2024-08-03T22:28:36,transfer,331,4754.00,977,balance_invalid
371,2024-08-05T02:28:59,deposit,384,5127.00,null,success
372,2024-08-05T02:29:28,withdraw,793,9026.00,null,balance_invalid
373,2024-08-06T06:29:49,account_closure,989,0.00,null,balance_insufficient
374,2024-08-06T10:30:09,withdraw,371,681.83,null,success
375,2024-08-07T14:30:22,transfer,709,5922.00,746,balance_insufficient
376,2024-08-08T17:30:46,deposit,312,1795.34,null,success
377,2024-08-08T20:31:06,withdraw,829,4429.95,null,balance_invalid
378,2024-08-09T23:31:10,deposit,50,1960.00,null,balance_insufficient
379,2024-08-11T00:31:37,transfer,742,5234.00,299,balance_invalid
380,2024-08-11T02:31:59,withdraw,486,4859.00,null,success
381,2024-08-11T04:32,deposit,913,8739.00,null,account_invalid
382,2024-08-12T06:32:21,account_closure,292,0.00,null,balance_insufficient
383,2024-08-12T08:32:43,transfer,304,3536.69,410,success
384,2024-08-12T08:33:12,transfer,665,2862.56,880,success
385,2024-08-13T11:33:38,withdraw,567,9854.00,null,success
386,2024-08-13T13:33:57,withdraw,271,7552.40,null,balance_insufficient
387,2024-08-13T15:33:57,withdraw,857,8779.00,null,balance_invalid
388,2024-08-13T17:34:15,deposit,101,3423.00,null,balance_insufficient
389,2024-08-14T20:34:16,withdraw,480,5919.54,null,success
390,2024-08-16T00:34:36,transfer,872,8987.00,639,account_invalid
391,2024-08-16T00:35:01,deposit,745,7318.00,null,success
392,2024-08-17T03:35:05,account_creation,116,0.00,null,success
393,2024-08-18T03:35:34,withdraw,204,4747.00,null,balance_insufficient
394,2024-08-18T04:35:59,deposit,95,1032.00,null,account_invalid
395,2024-08-18T06:36:21,transfer,10,4817.00,869,balance_invalid
396,2024-08-19T07:36:35,withdraw,359,5946.00,null,success
397,2024-08-20T09:36:52,deposit,919,3956.49,null,account_invalid
398,2024-08-20T12:37:07,withdraw,528,3542.00,null,success
399,2024-08-21T12:37:35,withdraw,661,3955.34,null,balance_invalid
400,2024-08-21T16:37:42,withdraw,351,4659.00,null,success
401,2024-08-22T17:37:58,withdraw,69,5784.00,null,balance_invalid
402,2024-08-22T20:38:17,deposit,878,4660.48,null,balance_invalid
403,2024-08-22T23:38:38,deposit,828,7538.00,null,balance_insufficient
404,2024-08-22T23:38:42,account_creation,838,0.00,null,balance_invalid
405,2024-08-24T01:39:09,withdraw,728,1867.00,null,success
406,2024-08-24T02:39:22,account_closure,453,0.00,null,success
407,2024-08-24T06:39:34,account_closure,6,0.00,null,success
408,2024-08-24T07:39:50,deposit,935,1424.00,null,success
409,2024-08-25T07:40:13,withdraw,755,1468.40,null,balance_invalid
410,2024-08-25T10:40:32,deposit,866,6715.00,null,success
411,2024-08-25T14:40:39,transfer,770,9001.00,761,success
412,2024-08-25T18:41,deposit,144,4822.82,null,balance_insufficient
413,2024-08-26T21:41:28,deposit,90,1218.00,null,balance_invalid
414,2024-08-26T21:41:53,deposit,633,621.25,null,success
415,2024-08-27T21:42:03,transfer,174,5955.00,893,success
416,2024-08-29T00:42:15,withdraw,176,3355.00,null,success
417,2024-08-30T01:42:31,withdraw,969,4098.00,null,success
418,2024-08-30T04:42:50,deposit,777,442.00,null,success
419,2024-08-31T04:42:52,withdraw,911,4031.00,null,success
420,2024-08-31T04:42:55,deposit,716,8243.00,null,balance_invalid
421,2024-09-01T06:43:14,deposit,554,4202.00,null,account_invalid
422,2024-09-01T06:43:37,deposit,638,5846.00,null,balance_invalid
423,2024-09-01T08:43:38,transfer,359,6158.00,907,balance_invalid
424,2024-09-02T10:43:49,account_creation,495,0.00,null,success
425,2024-09-02T10:43:49,withdraw,244,9051.85,null,balance_insufficient
426,2024-09-02T12:43:49,deposit,897,1424.98,null,success
427,2024-09-02T12:43:56,withdraw,658,2375.00,null,balance_invalid
428,2024-09-02T13:44:15,deposit,228,3421.00,null,success
429,2024-09-03T15:44:42,transfer,350,8650.00,184,success
430,2024-09-04T17:44:42,transfer,57,5188.00,312,balance_invalid
431,2024-09-04T18:44:49,withdraw,978,5043.00,null,account_invalid
432,2024-09-05T22:45:04,transfer,559,3266.22,52,balance_insufficient
433,2024-09-05T23:45:28,transfer,647,4917.00,480,success
434,2024-09-07T00:45:28,transfer,152,443.00,818,success
435,2024-09-08T04:45:36,withdraw,976,1499.00,null,success
436,2024-09-08T05:45:36,deposit,117,1289.00,null,success
437,2024-09-08T08:45:39,deposit,335,5886.00,null,balance_invalid
438,2024-09-09T08:45:47,transfer,466,1181.00,856,balance_invalid
439,2024-09-10T12:46:03,deposit,443,201.00,null,balance_invalid
440,2024-09-11T14:46:06,withdraw,608,9999.00,null,balance_invalid
441,2024-09-11T17:46:30,transfer,199,6448.05,443,success
442,2024-09-11T20:46:32,transfer,657,6738.00,453,success
443,2024-09-12T00:46:49,transfer,681,3813.77,98,balance_invalid
444,2024-09-13T02:47:05,account_creation,635,0.00,null,success
445,2024-09-13T04:47:08,deposit,406,9870.00,null,success
446,2024-09-14T08:47:09,deposit,639,9906.00,null,success
447,2024-09-15T08:47:10,withdraw,921,3994.15,null,balance_insufficient
448,2024-09-16T08:47:22,withdraw,646,1199.00,null,account_invalid
449,2024-09-16T11:47:45,account_creation,77,0.00,null,account_invalid
450,2024-09-16T12:47:51,withdraw,158,8261.61,null,success
451,2024-09-16T13:47:59,deposit,309,8294.00,null,account_invalid
452,2024-09-17T17:48:18,transfer,74,4762.00,854,balance_invalid
453,2024-09-18T21:48:20,account_closure,795,0.00,null,balance_invalid
454,2024-09-19T22:48:29,withdraw,267,2254.00,null,success
455,2024-09-20T00:48:29,withdraw,87,2354.00,null,account_invalid
456,2024-09-20T04:48:33,transfer,836,732.00,850,success
457,2024-09-20T06:48:38,withdraw,888,1386.00,null,success
458,2024-09-21T08:48:54,deposit,656,4692.00,null,success
459,2024-09-21T08:49:09,deposit,167,6492.00,null,account_invalid
460,2024-09-21T11:49:24,deposit,434,221.00,null,account_invalid
461,2024-09-22T12:49:34,deposit,929,7761.00,null,success
462,2024-09-22T15:49:54,transfer,685,4102.06,614,balance_insufficient
463,2024-09-22T16:50:23,deposit,489,8124.00,null,balance_invalid
464,2024-09-23T18:50:46,transfer,692,6542.00,290,success
465,2024-09-24T21:51:03,account_creation,153,0.00,null,success
466,2024-09-24T21:51:27,withdraw,468,3632.08,null,success
467,2024-09-25T01:51:55,deposit,942,5162.00,null,balance_invalid
468,2024-09-26T03:51:55,deposit,548,9710.60,null,success
469,2024-09-27T05:52:19,deposit,181,8512.00,null,success
470,2024-09-27T07:52:35,transfer,894,2515.00,900,balance_invalid
471,2024-09-28T07:52:55,withdraw,978,1820.00,null,success
472,2024-09-28T10:53:01,deposit,105,5058.71,null,success
473,2024-09-29T14:53:25,deposit,121,2666.00,null,success
474,2024-09-29T14:53:27,transfer,132,128.00,737,balance_invalid
475,2024-09-29T17:53:28,deposit,959,4893.00,null,success
476,2024-09-30T17:53:30,deposit,53,3604.00,null,account_invalid
477,2024-09-30T17:53:57,deposit,2,4216.00,null,balance_invalid
478,2024-09-30T19:54:21,transfer,697,7693.00,616,balance_insufficient
479,2024-10-01T20:54:38,transfer,393,9835.00,192,balance_invalid
480,2024-10-02T00:54:51,deposit,301,4422.00,null,success
481,2024-10-02T00:54:53,withdraw,849,6414.00,null,balance_invalid
482,2024-10-03T01:55:14,account_creation,769,0.00,null,success
483,2024-10-03T03:55:37,transfer,345,9405.00,128,balance_invalid
484,2024-10-04T03:55:56,withdraw,166,567.00,null,success
485,2024-10-05T07:56:05,account_creation,353,0.00,null,balance_invalid
486,2024-10-06T09:56:17,deposit,523,2404.00,null,success
487,2024-10-07T10:56:33,withdraw,228,4179.00,null,success
488,2024-10-07T14:56:42,deposit,820,7965.00,null,success
489,2024-10-08T18:56:47,transfer,416,3601.00,554,balance_insufficient
490,2024-10-08T21:57:11,withdraw,2,4710.00,null,balance_insufficient
491,2024-10-09T21:57:18,deposit,848,4107.00,null,success
492,2024-10-09T21:57:47,account_creation,173,0.00,null,balance_invalid
493,2024-10-10T23:58:12,deposit,208,1874.00,null,success
494,2024-10-12T01:58:30,transfer,990,6257.71,764,success
495,2024-10-13T04:58:42,deposit,241,6100.49,null,account_invalid
496,2024-10-13T08:58:57,transfer,135,8955.00,639,balance_insufficient
497,2024-10-14T09:59:04,deposit,176,1445.82,null,success
498,2024-10-15T12:59:19,withdraw,754,3256.00,null,balance_invalid
499,2024-10-16T12:59:32,deposit,502,9494.00,null,success
500,2024-10-16T15:59:54,transfer,35,7129.00,869,success
501,2024-10-17T19:59:58,withdraw,860,6596.62,null,balance_invalid
502,2024-10-18T21:00:09,withdraw,625,1316.61,null,success
503,2024-10-18T23:00:13,account_creation,239,0.00,null,success
504,2024-10-19T02:00:41,withdraw,816,4523.87,null,success
505,2024-10-19T03:01:05,deposit,747,7465.00,null,success
506,2024-10-19T06:01:21,transfer,848,8157.00,81,balance_insufficient
507,2024-10-19T06:01:49,withdraw,756,615.31,null,success
508,2024-10-20T06:02:07,account_closure,281,0.00,null,success
509,2024-10-21T07:02:25,transfer,389,6602.00,468,success
510,2024-10-21T11:02:35,transfer,59,1932.00,970,success
511,2024-10-21T15:02:37,deposit,533,554.39,null,balance_insufficient
512,2024-10-22T15:03:05,transfer,700,8095.30,649,balance_invalid
513,2024-10-23T18:03:20,account_creation,749,0.00,null,success
514,2024-10-24T18:03:38,deposit,304,9705.00,null,balance_invalid
515,2024-10-24T22:03:42,deposit,26,6015.00,null,success
516,2024-10-24T23:03:43,transfer,232,4864.00,111,success
517,2024-10-25T23:04:01,deposit,647,5074.00,null,balance_invalid
518,2024-10-27T02:04:02,withdraw,285,4385.00,null,success
519,2024-10-28T04:04:13,transfer,653,1143.00,235,balance_insufficient
520,2024-10-29T06:04:13,withdraw,499,4735.00,null,success
521,2024-10-30T06:04:36,transfer,914,7591.00,536,balance_invalid
522,2024-10-31T09:04:57,withdraw,296,4461.74,null,account_invalid
523,2024-10-31T12:05:16,withdraw,30,5957.00,null,success
524,2024-10-31T15:05:43,transfer,634,9903.00,769,success
525,2024-10-31T16:06:08,deposit,163,2260.00,null,balance_invalid
526,2024-10-31T19:06:19,withdraw,973,217.00,null,success
527,2024-10-31T22:06:24,withdraw,533,4183.00,null,success
528,2024-11-01T02:06:52,transfer,528,5586.00,947,balance_insufficient
529,2024-11-01T02:07:21,transfer,386,2240.00,58,balance_invalid
530,2024-11-02T04:07:42,transfer,422,4676.00,53,balance_invalid
531,2024-11-03T06:08:07,withdraw,838,2711.00,null,success
532,2024-11-04T07:08:10,deposit,659,2179.91,null,success
533,2024-11-05T10:08:25,deposit,837,5925.00,null,success
534,2024-11-06T14:08:45,withdraw,918,8741.49,null,success
535,2024-11-07T17:08:52,withdraw,782,3452.00,null,success
536,2024-11-07T20:09:01,deposit,504,6371.00,null,success
537,2024-11-08T20:09:04,transfer,168,4603.00,19,success
538,2024-11-09T20:09:13,withdraw,293,612.00,null,balance_insufficient
539,2024-11-10T20:09:23,withdraw,455,7364.00,null,success
540,2024-11-10T20:09:51,deposit,657,8834.00,null,balance_invalid
541,2024-11-11T22:10:14,withdraw,73,9548.00,null,success
542,2024-11-11T23:10:26,transfer,452,9198.00,10,success
543,2024-11-12T02:10:33,deposit,985,5586.00,null,balance_invalid
544,2024-11-13T03:10:55,transfer,798,5969.00,760,balance_insufficient
545,2024-11-13T04:11:15,deposit,396,9593.53,null,balance_invalid
546,2024-11-13T08:11:31,transfer,244,3274.00,339,balance_invalid
547,2024-11-14T09:11:45,transfer,527,5199.00,56,balance_invalid
548,2024-11-14T09:12:04,deposit,7,1727.00,null,balance_invalid
549,2024-11-14T12:12:11,deposit,598,2269.00,null,balance_invalid
550,2024-11-14T16:12:20,deposit,416,4406.00,null,success
551,2024-11-14T20:12:35,deposit,396,9048.00,null,success
552,2024-11-16T00:12:51,withdraw,686,3547.00,null,balance_invalid
553,2024-11-16T01:13:18,account_closure,858,0.00,null,success
554,2024-11-16T02:13:28,deposit,946,9919.00,null,success
555,2024-11-17T05:13:54,withdraw,971,3912.00,null,success
556,2024-11-17T07:14:15,withdraw,327,6321.00,null,balance_invalid
557,2024-11-17T11:14:41,transfer,312,3181.00,184,balance_invalid
558,2024-11-17T11:15:07,deposit,607,5326.00,null,account_invalid
559,2024-11-18T11:15:08,withdraw,242,3715.00,null,success
560,2024-11-18T13:15:09,withdraw,583,9753.00,null,success
561,2024-11-19T16:15:11,withdraw,203,9846.00,null,success
562,2024-11-20T20:15:18,transfer,12,2528.00,664,balance_invalid
563,2024-11-20T20:15:26,transfer,472,6382.00,406,balance_insufficient
564,2024-11-20T20:15:45,transfer,157,6391.00,350,success
565,2024-11-20T21:16:06,transfer,292,1011.85,412,success
566,2024-11-22T00:16:29,withdraw,916,7181.00,null,balance_insufficient
567,2024-11-23T01:16:48,transfer,824,3415.00,943,success
568,2024-11-23T04:17:16,transfer,253,2846.00,819,success
569,2024-11-24T06:17:24,withdraw,686,5283.00,null,success
570,2024-11-25T09:17:42,withdraw,286,7158.00,null,success
571,2024-11-25T11:17:57,deposit,214,1867.00,null,success
572,2024-11-25T13:18:16,transfer,728,3308.00,874,balance_invalid
573,2024-11-25T15:18:28,transfer,513,1027.00,544,account_invalid
574,2024-11-26T18:18:40,withdraw,770,4130.00,null,success
575,2024-11-26T21:19,transfer,509,5906.00,703,success
576,2024-11-27T01:19:19,deposit,956,7226.00,null,balance_insufficient
577,2024-11-28T01:19:48,deposit,20,4559.00,null,success
578,2024-11-28T01:20:15,transfer,643,1781.00,636,balance_invalid
579,2024-11-29T05:20:27,deposit,431,4279.00,null,success
580,2024-11-30T07:20:47,deposit,298,919.00,null,balance_invalid
581,2024-11-30T11:21:16,account_creation,478,0.00,null,balance_insufficient
582,2024-11-30T15:21:31,account_creation,818,0.00,null,balance_invalid
583,2024-11-30T19:21:46,deposit,477,6967.00,null,account_invalid
584,2024-12-01T20:22:08,deposit,452,8392.98,null,balance_invalid
585,2024-12-02T23:22:37,withdraw,49,4668.00,null,balance_invalid
586,2024-12-03T03:23,transfer,699,3068.00,169,balance_invalid
587,2024-12-03T05:23:15,deposit,606,2692.00,null,balance_insufficient
588,2024-12-03T07:23:44,transfer,773,6767.00,165,balance_insufficient
589,2024-12-03T08:24:12,deposit,187,6060.00,null,account_invalid
590,2024-12-04T10:24:36,withdraw,338,7364.00,null,success
591,2024-12-05T13:24:41,transfer,430,8606.00,205,balance_insufficient
592,2024-12-06T13:25:02,transfer,664,5662.43,85,balance_invalid
593,2024-12-07T13:25:07,deposit,214,388.14,null,account_invalid
594,2024-12-07T15:25:35,transfer,30,2564.33,674,balance_invalid
595,2024-12-08T16:25:38,withdraw,5,7991.00,null,success
596,2024-12-08T19:25:55,deposit,474,8778.00,null,success
597,2024-12-09T20:26:12,deposit,547,4125.00,null,success
598,2024-12-09T23:26:17,deposit,780,2181.00,null,account_invalid
599,2024-12-11T00:26:37,withdraw,320,9302.00,null,success
600,2024-12-12T03:26:51,deposit,188,2328.00,null,success
601,2024-12-12T07:27:11,withdraw,242,4103.00,null,balance_invalid
602,2024-12-12T09:27:37,withdraw,733,5165.00,null,balance_invalid
603,2024-12-12T13:27:44,deposit,115,7885.62,null,success
604,2024-12-12T17:28:07,withdraw,383,7672.00,null,success
605,2024-12-12T18:28:24,transfer,515,7178.00,784,success
606,2024-12-13T18:28:47,withdraw,138,9052.89,null,success
607,2024-12-13T18:29:12,deposit,152,7623.54,null,success
608,2024-12-13T22:29:15,transfer,219,5045.00,26,balance_invalid
609,2024-12-14T02:29:44,transfer,328,6352.00,773,success
610,2024-12-15T04:29:52,withdraw,10,2031.00,null,balance_invalid
611,2024-12-16T07:30:09,account_creation,542,0.00,null,balance_insufficient
612,2024-12-17T07:30:09,transfer,595,9900.97,61,account_invalid
613,2024-12-17T10:30:09,transfer,705,1620.85,223,success
614,2024-12-18T10:30:35,transfer,213,6078.00,541,balance_insufficient
615,2024-12-18T11:30:40,withdraw,48,8302.14,null,success
616,2024-12-18T12:30:41,deposit,940,8626.00,null,success
617,2024-12-19T16:30:45,deposit,888,7110.00,null,success
618,2024-12-19T17:30:58,deposit,131,5227.00,null,balance_invalid
619,2024-12-19T19:31:23,transfer,810,703.00,858,success
620,2024-12-20T21:31:50,withdraw,355,3053.00,null,success
621,2024-12-21T00:31:53,withdraw,213,3506.00,null,balance_invalid
622,2024-12-22T01:32:14,deposit,331,4573.00,null,success
623,2024-12-22T02:32:40,deposit,467,7170.00,null,success
624,2024-12-23T03:32:44,transfer,526,446.00,112,balance_invalid
625,2024-12-23T06:32:55,deposit,242,2778.50,null,balance_invalid
626,2024-12-24T10:33:21,withdraw,997,9998.00,null,balance_insufficient
627,2024-12-25T14:33:41,deposit,163,8627.00,null,balance_invalid
628,2024-12-25T14:33:52,transfer,406,2646.00,719,success
629,2024-12-25T15:34:18,withdraw,51,6685.08,null,success
630,2024-12-26T15:34:28,transfer,36,1982.00,114,success
631,2024-12-26T15:34:40,transfer,182,9559.00,443,account_invalid
632,2024-12-27T16:35:09,withdraw,58,5030.81,null,account_invalid
633,2024-12-27T16:35:15,deposit,816,4530.00,null,account_invalid
634,2024-12-27T17:35:27,transfer,913,1161.00,156,balance_invalid
635,2024-12-27T17:35:44,withdraw,192,1351.00,null,success
636,2024-12-28T21:36:11,deposit,56,5756.00,null,balance_invalid
637,2024-12-28T22:36:32,withdraw,381,8487.00,null,balance_invalid
638,2024-12-30T00:36:50,transfer,341,1419.00,276,success
639,2024-12-30T03:37:03,transfer,941,286.69,311,account_invalid
640,2024-12-30T06:37:32,deposit,182,3239.00,null,success
641,2024-12-30T10:37:48,transfer,10,3216.00,255,success
642,2024-12-31T11:37:49,transfer,556,9357.00,814,success
643,2025-01-01T14:37:53,transfer,132,9291.00,892,success
644,2025-01-02T18:37:56,deposit,815,3809.00,null,balance_insufficient
645,2025-01-02T19:37:58,deposit,659,8418.00,null,success
646,2025-01-03T22:38:25,deposit,209,3946.00,null,success
647,2025-01-04T01:38:30,deposit,833,1352.65,null,balance_invalid
648,2025-01-05T03:38:37,deposit,151,192.00,null,success
649,2025-01-05T03:38:37,withdraw,486,8634.00,null,balance_invalid
650,2025-01-05T04:39:06,deposit,354,7248.00,null,success
651,2025-01-06T06:39:22,transfer,907,6173.20,451,balance_invalid
652,2025-01-07T10:39:29,withdraw,962,7996.74,null,balance_invalid
653,2025-01-07T10:39:46,deposit,148,1941.00,null,success
654,2025-01-07T10:39:49,account_closure,415,0.00,null,success
655,2025-01-08T14:39:54,withdraw,386,2934.81,null,success
656,2025-01-09T16:40,transfer,513,5498.00,602,balance_invalid
657,2025-01-09T18:40:08,deposit,446,1753.00,null,success
658,2025-01-10T20:40:23,deposit,344,4599.00,null,success
659,2025-01-11T21:40:28,transfer,130,2636.00,9,success
660,2025-01-12T01:40:48,transfer,829,9077.00,428,balance_invalid
661,2025-01-13T04:41:02,transfer,420,5437.00,415,balance_invalid
662,2025-01-14T08:41:22,account_creation,611,0.00,null,balance_insufficient
663,2025-01-15T12:41:36,transfer,431,9197.29,741,success
664,2025-01-15T16:41:55,deposit,341,918.00,null,balance_invalid
665,2025-01-15T19:42:07,transfer,611,8942.00,549,success
666,2025-01-16T20:42:22,deposit,63,3142.00,null,balance_invalid
667,2025-01-16T20:42:48,deposit,177,7141.00,null,success
668,2025-01-16T21:42:54,withdraw,398,7375.00,null,success
669,2025-01-16T21:43:05,withdraw,829,6253.00,null,success
670,2025-01-17T21:43:31,withdraw,779,4462.93,null,success
671,2025-01-18T21:43:55,withdraw,395,5053.00,null,success
672,2025-01-19T23:44:04,withdraw,695,1472.00,null,success
673,2025-01-20T03:44:05,transfer,472,3448.00,309,success
674,2025-01-20T03:44:09,deposit,56,678.00,null,success
675,2025-01-20T07:44:23,withdraw,637,7070.80,null,balance_invalid
676,2025-01-21T07:44:30,withdraw,219,7465.00,null,balance_invalid
677,2025-01-21T07:44:42,deposit,19,227.00,null,success
678,2025-01-21T07:44:44,deposit,347,6875.63,null,account_invalid
679,2025-01-21T08:45:05,account_creation,166,0.00,null,account_invalid
680,2025-01-22T09:45:18,deposit,526,7417.00,null,balance_invalid
681,2025-01-23T11:45:29,deposit,276,1932.00,null,balance_invalid
682,2025-01-24T11:45:47,account_closure,425,0.00,null,success
683,2025-01-24T12:46:06,withdraw,581,1018.00,null,success
684,2025-01-25T14:46:19,deposit,123,2702.00,null,balance_invalid
685,2025-01-26T17:46:19,deposit,362,9697.00,null,account_invalid
686,2025-01-26T19:46:32,withdraw,353,7050.00,null,balance_invalid
687,2025-01-26T20:46:38,transfer,193,2567.80,131,success
688,2025-01-27T21:47:01,deposit,622,9280.00,null,success
689,2025-01-27T23:47:14,transfer,646,8441.00,414,success
690,2025-01-28T00:47:28,deposit,78,8645.08,null,success
691,2025-01-28T03:47:32,deposit,470,8145.54,null,balance_invalid
692,2025-01-29T07:47:40,withdraw,785,1726.00,null,success
693,2025-01-30T11:47:49,withdraw,318,5711.00,null,balance_invalid
694,2025-01-31T15:48:15,deposit,652,574.00,null,balance_invalid
695,2025-02-01T15:48:23,deposit,778,4351.00,null,balance_invalid
696,2025-02-02T15:48:41,transfer,266,8467.00,739,success
697,2025-02-03T17:48:45,transfer,992,9530.00,685,success
698,2025-02-03T19:48:59,transfer,708,6793.00,996,success
699,2025-02-04T23:49:09,deposit,446,4800.51,null,success
700,2025-02-05T02:49:36,deposit,617,1291.00,null,success
701,2025-02-06T06:49:58,deposit,257,4685.00,null,success
702,2025-02-06T07:50:22,transfer,37,6353.00,147,success
703,2025-02-07T09:50:23,account_closure,456,0.00,null,balance_insufficient
704,2025-02-07T11:50:34,withdraw,153,6330.00,null,balance_invalid
705,2025-02-08T11:50:56,transfer,798,7139.00,43,success
706,2025-02-08T14:50:58,transfer,636,6832.00,826,balance_invalid
707,2025-02-09T14:51:12,account_creation,311,0.00,null,account_invalid
708,2025-02-10T18:51:29,deposit,92,3562.00,null,success
709,2025-02-11T18:51:57,withdraw,300,9580.00,null,balance_invalid
710,2025-02-12T18:51:59,transfer,779,9829.00,746,success
711,2025-02-12T18:52:04,transfer,652,5902.00,131,balance_invalid
712,2025-02-13T21:52:14,transfer,364,7007.00,818,account_invalid
713,2025-02-15T00:52:25,withdraw,567,3688.00,null,success
714,2025-02-15T00:52:47,withdraw,127,4743.00,null,success
715,2025-02-15T00:52:50,withdraw,596,8087.00,null,success
716,2025-02-15T03:52:58,transfer,840,6094.00,268,success
717,2025-02-15T03:53:08,deposit,751,5364.00,null,success
718,2025-02-16T03:53:37,deposit,350,8169.00,null,balance_invalid
719,2025-02-17T07:53:45,transfer,984,2412.59,16,balance_invalid
720,2025-02-18T07:54:07,transfer,757,9622.00,289,balance_invalid
721,2025-02-19T11:54:32,account_creation,896,0.00,null,success
722,2025-02-20T14:54:43,deposit,815,6539.13,null,success
723,2025-02-20T16:54:50,deposit,977,8549.00,null,success
724,2025-02-21T17:54:58,transfer,256,5239.00,653,success
725,2025-02-22T18:55:13,account_creation,93,0.00,null,balance_insufficient
726,2025-02-22T18:55:31,transfer,934,3178.00,141,balance_invalid
727,2025-02-23T19:55:43,withdraw,956,4885.00,null,balance_invalid
728,2025-02-24T19:56:06,transfer,208,1986.00,350,success
729,2025-02-24T23:56:35,account_closure,609,0.00,null,balance_insufficient
730,2025-02-24T23:56:37,deposit,330,6817.91,null,success
731,2025-02-25T02:56:59,account_creation,705,0.00,null,success
732,2025-02-25T05:57:26,transfer,879,4729.00,773,success
733,2025-02-25T05:57:41,withdraw,861,6325.00,null,success
734,2025-02-25T06:58:09,deposit,335,3438.00,null,balance_invalid
735,2025-02-25T09:58:21,withdraw,891,1326.00,null,success
736,2025-02-25T10:58:48,deposit,988,6590.20,null,balance_invalid
737,2025-02-25T10:58:58,transfer,234,1836.00,162,balance_invalid
738,2025-02-25T10:59:18,withdraw,479,2010.00,null,balance_insufficient
739,2025-02-26T14:59:36,deposit,593,1616.72,null,balance_invalid
740,2025-02-26T18:59:47,deposit,216,3786.00,null,success
741,2025-02-27T22:59:48,withdraw,850,1013.00,null,balance_invalid
742,2025-02-27T23:59:48,deposit,797,2607.96,null,success
743,2025-03-01T00:00:17,transfer,267,9638.00,956,balance_insufficient
744,2025-03-01T04:00:42,deposit,580,9980.00,null,success
745,2025-03-01T08:00:56,transfer,219,7271.00,389,balance_insufficient
746,2025-03-01T09:01:20,withdraw,6,8204.00,null,balance_invalid
747,2025-03-02T09:01:35,transfer,385,1996.00,685,balance_invalid
748,2025-03-03T10:01:39,withdraw,84,2141.08,null,success
749,2025-03-03T12:01:40,deposit,342,8387.00,null,balance_invalid
750,2025-03-03T13:01:59,withdraw,322,8330.00,null,account_invalid
751,2025-03-04T14:02:06,withdraw,225,4049.00,null,balance_invalid
752,2025-03-05T18:02:28,transfer,430,8921.00,41,balance_insufficient
753,2025-03-05T21:02:39,account_closure,229,0.00,null,balance_insufficient
754,2025-03-05T22:02:40,transfer,471,2993.00,175,success
755,2025-03-06T00:03,deposit,840,8509.00,null,success
756,2025-03-06T01:03:17,deposit,105,3905.00,null,success
757,2025-03-07T02:03:46,withdraw,743,3667.00,null,balance_invalid
758,2025-03-08T04:03:47,withdraw,224,4564.00,null,success
759,2025-03-09T05:04:12,transfer,541,6377.00,694,balance_invalid
760,2025-03-10T06:04:29,transfer,70,7711.10,708,account_invalid
761,2025-03-11T08:04:33,withdraw,358,9901.00,null,success
762,2025-03-11T10:04:44,withdraw,597,1490.00,null,balance_invalid
763,2025-03-11T13:05:11,deposit,656,1113.00,null,success
764,2025-03-12T15:05:20,withdraw,281,5645.00,null,success
765,2025-03-13T15:05:22,transfer,104,5543.95,670,success
766,2025-03-13T17:05:48,withdraw,152,4760.10,null,balance_invalid
767,2025-03-13T18:05:53,transfer,334,8062.57,482,balance_invalid
768,2025-03-13T19:06,account_closure,690,0.00,null,balance_insufficient
769,2025-03-13T19:06:25,transfer,984,9248.08,260,success
770,2025-03-13T19:06:28,withdraw,117,8951.00,null,success
771,2025-03-14T23:06:37,deposit,197,7627.00,null,balance_invalid
772,2025-03-15T03:06:54,transfer,977,5993.00,131,success
773,2025-03-15T06:07:13,withdraw,731,2604.00,null,success
774,2025-03-15T10:07:22,withdraw,88,4533.00,null,balance_invalid
775,2025-03-16T13:07:37,withdraw,739,9497.00,null,balance_invalid
776,2025-03-17T14:07:58,transfer,98,5856.00,779,balance_invalid
777,2025-03-17T15:08:08,deposit,88,5914.00,null,balance_invalid
778,2025-03-18T15:08:33,withdraw,526,2157.00,null,success
779,2025-03-19T19:08:51,transfer,943,4678.00,677,account_invalid
780,2025-03-20T22:09:14,transfer,164,6958.00,57,balance_insufficient
781,2025-03-21T01:09:36,withdraw,257,1389.00,null,balance_invalid
782,2025-03-21T05:10:01,deposit,159,3416.00,null,balance_insufficient
783,2025-03-21T05:10:17,transfer,649,8876.00,732,success
784,2025-03-21T06:10:27,transfer,123,5689.00,511,success
785,2025-03-21T06:10:51,deposit,387,6693.00,null,balance_invalid
786,2025-03-21T09:11:12,withdraw,242,5015.44,null,success
787,2025-03-22T12:11:26,deposit,150,5351.00,null,balance_insufficient
788,2025-03-23T14:11:38,transfer,625,5940.09,104,balance_invalid
789,2025-03-24T14:11:41,withdraw,170,2756.00,null,success
790,2025-03-25T18:11:53,deposit,344,3121.00,null,balance_invalid
791,2025-03-25T18:12:07,withdraw,951,9536.00,null,success
792,2025-03-25T22:12:17,withdraw,494,5885.00,null,success
793,2025-03-26T22:12:39,transfer,141,2876.33,256,balance_invalid
794,2025-03-27T23:12:40,deposit,682,6563.00,null,success
795,2025-03-27T23:13:01,deposit,944,5931.00,null,balance_insufficient
796,2025-03-28T23:13:30,withdraw,714,8800.00,null,success
797,2025-03-28T23:13:45,deposit,0,3745.00,null,success
798,2025-03-29T03:14:06,withdraw,788,6442.00,null,success
799,2025-03-30T04:14:15,transfer,170,457.00,424,balance_invalid
800,2025-03-31T04:14:25,deposit,489,8110.00,null,balance_invalid
801,2025-03-31T07:14:25,deposit,601,6197.79,null,success
802,2025-04-01T08:14:25,account_creation,410,0.00,null,success
803,2025-04-02T11:14:26,transfer,845,4029.00,339,success
804,2025-04-03T13:14:46,deposit,557,9933.00,null,success
805,2025-04-04T16:14:47,transfer,571,7674.62,539,success
806,2025-04-04T18:15:13,transfer,43,6516.00,848,balance_invalid
807,2025-04-05T18:15:41,transfer,505,9665.00,82,balance_invalid
808,2025-04-05T20:16:07,transfer,572,964.00,753,success
809,2025-04-07T00:16:10,deposit,703,4241.00,null,balance_invalid
810,2025-04-08T03:16:35,withdraw,504,551.00,null,success
811,2025-04-08T05:16:50,withdraw,755,1521.00,null,success
812,2025-04-09T05:16:58,deposit,925,2984.00,null,success
813,2025-04-10T05:17:13,deposit,247,7648.00,null,balance_invalid
814,2025-04-10T05:17:23,transfer,370,1151.00,486,success
815,2025-04-10T05:17:24,withdraw,713,289.00,null,success
816,2025-04-11T07:17:43,withdraw,56,5146.00,null,balance_invalid
817,2025-04-12T07:17:53,account_creation,937,0.00,null,balance_invalid
818,2025-04-12T11:18:03,withdraw,502,1156.00,null,success
819,2025-04-13T15:18:09,withdraw,189,3271.00,null,success
820,2025-04-13T17:18:24,deposit,1,9645.00,null,success
821,2025-04-14T19:18:52,account_creation,428,0.00,null,success
822,2025-04-15T22:18:59,withdraw,26,5574.00,null,success
823,2025-04-17T01:19:25,transfer,582,6042.00,73,success
824,2025-04-17T04:19:41,withdraw,419,7312.00,null,success
825,2025-04-18T04:19:52,deposit,785,8478.00,null,balance_invalid
826,2025-04-18T06:20:08,account_creation,654,0.00,null,success
827,2025-04-19T09:20:26,deposit,231,6882.16,null,success
828,2025-04-19T12:20:30,transfer,193,2232.00,232,success
829,2025-04-19T16:20:44,transfer,506,7600.00,998,balance_invalid
830,2025-04-20T17:20:46,withdraw,596,5569.00,null,balance_insufficient
831,2025-04-20T21:21:14,transfer,324,5048.00,213,balance_invalid
832,2025-04-22T00:21:29,deposit,893,915.00,null,balance_invalid
833,2025-04-23T01:21:29,deposit,263,9451.00,null,success
834,2025-04-24T05:21:29,deposit,39,3094.00,null,balance_invalid
835,2025-04-24T09:21:44,deposit,379,9663.98,null,success
836,2025-04-24T12:22:09,transfer,851,323.00,793,success
837,2025-04-25T16:22:30,deposit,880,6048.00,null,balance_invalid
838,2025-04-25T18:22:50,account_creation,365,0.00,null,balance_invalid
839,2025-04-26T18:22:52,withdraw,599,7484.00,null,balance_invalid
840,2025-04-27T21:23:18,withdraw,225,8932.00,null,success
841,2025-04-29T01:23:32,transfer,341,2326.66,733,account_invalid
842,2025-04-29T03:23:34,withdraw,446,3917.00,null,balance_invalid
843,2025-04-29T06:23:53,account_closure,980,0.00,null,balance_invalid
844,2025-04-30T10:24:01,withdraw,43,7907.00,null,balance_invalid
845,2025-05-01T13:24:17,account_creation,615,0.00,null,balance_invalid
846,2025-05-01T16:24:30,transfer,266,9803.00,456,success
847,2025-05-01T16:24:39,deposit,621,4686.00,null,success
848,2025-05-02T19:24:53,deposit,998,8903.00,null,balance_invalid
849,2025-05-03T19:25:19,transfer,288,4876.00,156,success
850,2025-05-04T23:25:48,transfer,318,9211.00,476,success
851,2025-05-05T00:26:10,transfer,775,5060.00,505,success
852,2025-05-06T01:26:12,deposit,447,9942.00,null,balance_invalid
853,2025-05-06T03:26:23,account_closure,454,0.00,null,balance_invalid
854,2025-05-07T06:26:39,withdraw,948,9470.00,null,balance_invalid
855,2025-05-07T06:27:06,transfer,244,3674.00,605,success
856,2025-05-07T09:27:21,withdraw,944,5549.00,null,account_invalid
857,2025-05-08T11:27:33,deposit,825,1610.00,null,success
858,2025-05-09T13:28:01,deposit,193,7210.00,null,success
859,2025-05-09T13:28:10,withdraw,952,1870.00,null,balance_invalid
860,2025-05-10T13:28:31,transfer,596,8038.00,350,balance_invalid
861,2025-05-11T14:28:52,withdraw,45,813.00,null,success
862,2025-05-12T14:28:56,transfer,136,5272.00,68,success
863,2025-05-13T18:29:21,withdraw,230,816.00,null,balance_invalid
864,2025-05-13T22:29:50,deposit,389,7238.39,null,success
865,2025-05-14T23:29:50,withdraw,597,2598.88,null,balance_invalid
866,2025-05-16T03:29:56,transfer,357,6207.00,186,balance_insufficient
867,2025-05-16T07:30:04,account_closure,61,0.00,null,success
868,2025-05-16T09:30:22,transfer,137,7685.00,811,balance_invalid
869,2025-05-16T12:30:34,transfer,788,323.96,654,account_invalid
870,2025-05-17T14:30:49,transfer,558,1729.00,870,success
871,2025-05-17T18:31:07,transfer,235,6312.00,697,balance_invalid
872,2025-05-17T19:31:10,transfer,897,1477.00,459,success
873,2025-05-17T19:31:30,withdraw,483,6099.00,null,balance_invalid
874,2025-05-18T23:31:30,withdraw,874,897.00,null,success
875,2025-05-20T03:31:53,withdraw,107,9943.00,null,success
876,2025-05-20T05:32:15,deposit,860,1300.82,null,account_invalid
877,2025-05-20T07:32:39,transfer,67,7432.00,243,success
878,2025-05-21T11:32:48,deposit,992,7719.00,null,account_invalid
879,2025-05-21T14:32:49,deposit,334,8635.00,null,success
880,2025-05-21T15:33:15,transfer,574,9388.00,12,account_invalid
881,2025-05-22T15:33:24,withdraw,857,1731.00,null,balance_invalid
882,2025-05-23T18:33:42,deposit,286,5298.00,null,success
883,2025-05-23T22:34:03,transfer,259,405.13,319,success
884,2025-05-23T22:34:16,transfer,50,1596.00,644,success
885,2025-05-25T01:34:23,account_creation,300,0.00,null,success
886,2025-05-26T04:34:42,withdraw,859,5166.00,null,balance_invalid
887,2025-05-27T08:35:01,withdraw,865,215.00,null,success
888,2025-05-28T10:35:22,deposit,475,2435.00,null,account_invalid
889,2025-05-28T12:35:23,transfer,968,8105.00,758,success
890,2025-05-29T15:35:47,withdraw,318,4194.00,null,balance_invalid
891,2025-05-29T18:35:53,deposit,613,2590.00,null,balance_insufficient
892,2025-05-30T19:36:01,deposit,750,9540.00,null,account_invalid
893,2025-05-31T23:36:23,withdraw,615,8326.00,null,balance_invalid
894,2025-06-01T00:36:26,withdraw,954,4620.00,null,success
895,2025-06-01T01:36:40,account_creation,416,0.00,null,balance_invalid
896,2025-06-01T02:36:52,deposit,634,4129.00,null,balance_invalid
897,2025-06-02T06:37:07,deposit,395,878.00,null,success
898,2025-06-03T10:37:13,transfer,266,5122.00,732,balance_invalid
899,2025-06-04T13:37:32,withdraw,151,7921.51,null,success
900,2025-06-04T14:37:38,transfer,569,9516.00,180,success
901,2025-06-05T14:37:49,account_creation,47,0.00,null,success
902,2025-06-06T18:38:12,deposit,826,6409.00,null,balance_invalid
903,2025-06-07T18:38:20,withdraw,421,9030.00,null,balance_invalid
904,2025-06-08T21:38:29,transfer,50,9310.00,664,balance_insufficient
905,2025-06-09T01:38:43,transfer,525,1078.55,231,account_invalid
906,2025-06-10T03:38:48,deposit,405,4922.00,null,balance_invalid
907,2025-06-11T04:38:54,deposit,987,678.00,null,balance_invalid
908,2025-06-11T08:39:04,account_closure,361,0.00,null,success
909,2025-06-12T11:39:05,deposit,647,4043.00,null,success
910,2025-06-13T13:39:05,account_creation,71,0.00,null,success
911,2025-06-14T17:39:10,deposit,681,7125.00,null,balance_invalid
912,2025-06-15T17:39:12,withdraw,96,9253.00,null,balance_invalid
913,2025-06-15T19:39:23,deposit,767,3588.00,null,account_invalid
914,2025-06-15T23:39:27,deposit,616,6050.00,null,balance_invalid
915,2025-06-17T01:39:47,transfer,880,3558.00,886,success
916,2025-06-17T05:39:55,transfer,75,676.00,847,success
917,2025-06-17T09:40:19,transfer,462,4986.00,253,balance_insufficient
918,2025-06-17T12:40:31,deposit,722,9975.56,null,success
919,2025-06-17T12:40:45,account_closure,356,0.00,null,success
920,2025-06-17T15:41:02,deposit,482,3712.00,null,balance_invalid
921,2025-06-18T19:41:31,transfer,886,6106.00,143,balance_invalid
922,2025-06-18T20:41:56,deposit,987,5793.84,null,balance_invalid
923,2025-06-19T21:42:15,withdraw,956,1038.00,null,success
924,2025-06-20T23:42:16,withdraw,507,8233.00,null,balance_invalid
925,2025-06-21T00:42:23,withdraw,894,8555.00,null,success
926,2025-06-22T01:42:35,account_closure,428,0.00,null,success
927,2025-06-22T04:42:55,deposit,959,8247.00,null,balance_invalid
928,2025-06-23T04:43:19,deposit,319,5756.00,null,success
929,2025-06-23T07:43:27,deposit,791,2368.95,null,balance_insufficient
930,2025-06-23T09:43:53,withdraw,636,9093.00,null,success
931,2025-06-24T11:43:54,deposit,473,3000.00,null,balance_invalid
932,2025-06-25T12:44:17,deposit,824,9180.00,null,success
933,2025-06-25T13:44:30,withdraw,276,4136.00,null,success
934,2025-06-26T17:44:59,transfer,906,3579.00,581,success
935,2025-06-27T17:44:59,transfer,578,2219.00,583,success
936,2025-06-27T20:45:02,withdraw,217,8972.00,null,balance_insufficient
937,2025-06-27T21:45:30,transfer,373,9356.00,217,balance_invalid
938,2025-06-28T22:45:32,transfer,481,6821.73,212,success
939,2025-06-30T00:45:57,withdraw,544,6858.03,null,success
940,2025-06-30T04:46:15,withdraw,974,9217.00,null,account_invalid
941,2025-06-30T05:46:42,deposit,244,8293.00,null,balance_invalid
942,2025-07-01T09:46:45,withdraw,31,7374.00,null,success
943,2025-07-01T10:46:46,transfer,701,7875.00,422,success
944,2025-07-01T12:47:05,withdraw,881,1339.24,null,success
945,2025-07-01T13:47:29,transfer,611,8037.00,682,success
946,2025-07-01T16:47:35,withdraw,540,5705.00,null,account_invalid
947,2025-07-02T19:47:36,withdraw,304,4736.00,null,success
948,2025-07-02T20:47:49,deposit,878,1952.00,null,balance_invalid
949,2025-07-04T00:48:16,account_creation,801,0.00,null,success
950,2025-07-05T04:48:38,withdraw,292,6790.00,null,success
951,2025-07-05T04:48:50,transfer,267,6122.00,465,balance_invalid
952,2025-07-06T08:49:08,deposit,694,8210.71,null,success
953,2025-07-06T08:49:24,account_closure,568,0.00,null,account_invalid
954,2025-07-07T08:49:38,withdraw,984,1674.00,null,balance_invalid
955,2025-07-08T09:49:53,withdraw,190,9944.95,null,success
956,2025-07-09T13:50:17,withdraw,33,2021.00,null,success
957,2025-07-09T16:50:21,withdraw,198,5002.00,null,balance_invalid
958,2025-07-10T19:50:22,transfer,629,4731.00,238,balance_invalid
959,2025-07-11T23:50:31,withdraw,383,8977.00,null,success
960,2025-07-12T01:50:46,transfer,728,2880.74,74,balance_invalid
961,2025-07-13T01:51:10,transfer,310,4540.00,711,account_invalid
962,2025-07-13T05:51:39,transfer,250,9376.00,375,success
963,2025-07-13T08:52,transfer,651,7777.00,274,account_invalid
964,2025-07-13T10:52,deposit,394,9656.78,null,success
965,2025-07-14T11:52:12,withdraw,236,8954.00,null,balance_invalid
966,2025-07-15T14:52:25,withdraw,389,2919.00,null,success
967,2025-07-16T18:52:29,deposit,178,1135.00,null,success
968,2025-07-16T21:52:44,account_closure,272,0.00,null,success
969,2025-07-17T22:52:59,withdraw,665,9779.98,null,success
970,2025-07-18T22:53:05,transfer,673,9823.14,218,success
971,2025-07-18T22:53:10,transfer,916,6147.00,155,success
972,2025-07-20T02:53:19,transfer,52,7848.00,660,account_invalid
973,2025-07-21T02:53:20,account_closure,611,0.00,null,success
974,2025-07-21T04:53:34,deposit,824,4456.00,null,success
975,2025-07-22T06:54,withdraw,859,8944.00,null,success
976,2025-07-22T06:54:28,transfer,268,9049.77,61,account_invalid
977,2025-07-22T06:54:46,transfer,446,6976.00,244,success
978,2025-07-22T10:54:54,transfer,179,3248.00,904,balance_invalid
979,2025-07-23T11:55,deposit,873,7769.00,null,success
980,2025-07-23T15:55:05,transfer,940,2737.00,666,balance_insufficient
981,2025-07-23T17:55:31,deposit,148,975.00,null,balance_insufficient
982,2025-07-23T17:56,account_closure,824,0.00,null,success
983,2025-07-23T19:56:07,withdraw,17,8452.00,null,account_invalid
984,2025-07-24T23:56:11,withdraw,275,3342.00,null,success
985,2025-07-25T23:56:19,transfer,184,2624.00,360,success
986,2025-07-26T23:56:36,deposit,312,562.00,null,success
987,2025-07-28T01:56:45,withdraw,783,3211.00,null,success
988,2025-07-29T01:57:11,deposit,253,2291.86,null,balance_invalid
989,2025-07-29T02:57:29,transfer,400,562.00,110,success
990,2025-07-30T05:57:43,deposit,894,6533.00,null,success
991,2025-07-31T05:57:48,deposit,538,3450.17,null,success
992,2025-07-31T08:58:03,withdraw,747,4208.00,null,success
993,2025-07-31T12:58:30,deposit,115,7838.00,null,balance_invalid
994,2025-08-01T15:58:49,withdraw,145,7472.00,null,account_invalid
995,2025-08-01T18:59:16,transfer,761,1851.00,46,account_invalid
996,2025-08-02T20:59:36,transfer,60,3411.00,264,success
997,2025-08-03T00:59:40,deposit,297,844.00,null,balance_insufficient
998,2025-08-03T04:59:58,deposit,487,5467.00,null,success
999,2025-08-03T07:00:06,transfer,585,2015.00,182,account_invalid
1000,2025-08-04T09:00:09,withdraw,260,1472.00,null,balance_insufficient
1001,2025-08-12T13:29:41.777689100,change_pin,987,0.00,null,pin_wrong
